Workbook

Sheet Election Results
A1: Constituency Name | B1: Total Rounds | C1: Rounds Done | D1: Rank 1 Candidate | E1: Rank 1 Party | F1: Rank 1 Votes | G1: Rank 1 Status | H1: Margin | I1: Rank 2 Candidate | J1: Rank 2 Party | K1: Rank 2 Votes | L1: Rank 2 Status | M1: Rank 3 Candidate | N1: Rank 3 Party | O1: Rank 3 Votes | P1: Rank 3 Status
A2: 1 - MEKLIGANJ (West Bengal) | B2: 19 | C2: 19 | D2: DADHIRAM RAY | E2: Bharatiya Janata Party | F2: 119109 | G2: Won | H2: =F2-K2 -> 0 | I2: ADHIKARY PARESH CHANDRA | J2: All India Trinamool Congress | K2: 89525 | L2: Lost | M2: KAMAL KUMAR ROY | N2: All India Forward Bloc | O2: 2386 | P2: Lost
A3: 2 - MATHABHANGA (West Bengal) | B3: 24 | C3: 24 | D3: NISHITH PRAMANIK | E3: Bharatiya Janata Party | F3: 143340 | G3: Won | H3: =F3-K3 -> 0 | I3: DR. SABLU BARMAN | J3: All India Trinamool Congress | K3: 86250 | L3: Lost | M3: KHAGEN CHANDRA BARMAN | N3: Communist Party of India (Marxist) | O3: 4030 | P3: Lost
A4: 3 - COOCHBEHAR UTTAR (West Bengal) | B4: 23 | C4: 20 | D4: SUKUMAR RAY | E4: Bharatiya Janata Party | F4: 135473 | G4: Leading | H4: =F4-K4 -> 0 | I4: PARTHA PRATIM RAY | J4: All India Trinamool Congress | K4: 73257 | L4: Trailing | M4: PRANAY KARJEE | N4: Communist Party of India (Marxist) | O4: 4463 | P4: Trailing
A5: 4 - COOCHBEHAR DAKSHIN (West Bengal) | B5: 23 | C5: 23 | D5: RATHINDRA BOSE | E5: Bharatiya Janata Party | F5: 108482 | G5: Won | H5: =F5-K5 -> 0 | I5: AVIJIT DE BHOWMIK | J5: All India Trinamool Congress | K5: 85198 | L5: Lost | M5: NAZMUL ALOM SARKAR | N5: All India Forward Bloc | O5: 3137 | P5: Lost
A6: 5 - SITALKUCHI (West Bengal) | B6: 27 | C6: 27 | D6: SABITRI BARMAN | E6: Bharatiya Janata Party | F6: 144367 | G6: Won | H6: =F6-K6 -> 0 | I6: HARIHAR DAS | J6: All India Trinamool Congress | K6: 119089 | L6: Lost | M6: NAMADIPTI ROY ADHIKARY | N6: Communist Party of India (Marxist) | O6: 3979 | P6: Lost
A7: 6 - SITAI (West Bengal) | B7: 23 | C7: 23 | D7: SANGITA ROY | E7: All India Trinamool Congress | F7: 128188 | G7: Won | H7: =F7-K7 -> 0 | I7: ASHUTOSH BARMA | J7: Bharatiya Janata Party | K7: 125467 | L7: Lost | M7: RABIN ROY | N7: Indian National Congress | O7: 3262 | P7: Lost
A8: 7 - DINHATA (West Bengal) | B8: 25 | C8: 25 | D8: AJAY RAY | E8: Bharatiya Janata Party | F8: 138255 | G8: Won | H8: =F8-K8 -> 0 | I8: UDAYAN GUHA | J8: All India Trinamool Congress | K8: 120808 | L8: Lost | M8: BIKAS MANDAL | N8: All India Forward Bloc | O8: 3042 | P8: Lost
A9: 8 - NATABARI (West Bengal) | B9: 22 | C9: 20 | D9: GIRIJA SHANKAR RAY | E9: Bharatiya Janata Party | F9: 124086 | G9: Leading | H9: =F9-K9 -> 0 | I9: SAILENDRA NATH BARMA | J9: All India Trinamool Congress | K9: 88019 | L9: Trailing | M9: AKIK HASSAN | N9: Communist Party of India (Marxist) | O9: 6230 | P9: Trailing
A10: 9 - TUFANGANJ (West Bengal) | B10: 22 | C10: 22 | D10: MALATI RAVA ROY | E10: Bharatiya Janata Party | F10: 122525 | G10: Won | H10: =F10-K10 -> 0 | I10: SHIBSANKAR PAUL | J10: All India Trinamool Congress | K10: 96068 | L10: Lost | M10: DHANANJOY RAVA | N10: Communist Party of India (Marxist) | O10: 4863 | P10: Lost
A11: 10 - KUMARGRAM (West Bengal) | B11: 24 | C11: 22 | D11: MANOJ KUMAR ORAON | E11: Bharatiya Janata Party | F11: 138982 | G11: Leading | H11: =F11-K11 -> 0 | I11: RAJEEV TIRKEY | J11: All India Trinamool Congress | K11: 87630 | L11: Trailing | M11: KISHOR MINJ | N11: Revolutionary Socialist Party | O11: 3980 | P11: Trailing
A12: 11 - KALCHINI (West Bengal) | B12: 23 | C12: 23 | D12: BISHAL LAMA | E12: Bharatiya Janata Party | F12: 114759 | G12: Won | H12: =F12-K12 -> 0 | I12: BIRENDRA BARA (ORAON) | J12: All India Trinamool Congress | K12: 76916 | L12: Lost | M12: ANJAN CHIK BARAIK | N12: Indian National Congress | O12: 3186 | P12: Lost
A13: 12 - ALIPURDUARS (West Bengal) | B13: 22 | C13: 19 | D13: PARITOSH DAS | E13: Bharatiya Janata Party | F13: 122808 | G13: Leading | H13: =F13-K13 -> 0 | I13: SUMAN KANJILAL | J13: All India Trinamool Congress | K13: 64288 | L13: Trailing | M13: SHYAMAL ROY | N13: Communist Party of India (Marxist) | O13: 6480 | P13: Trailing
... A295: 294 - MURARAI (West Bengal) | B295: 22 | C295: 22 | D295: DR. MOSARRAF HOSSAIN | E295: All India Trinamool Congress | F295: 96902 | G295: Won | H295: =F295-K295 -> 0 | I295: SANJIBUR RAHAMAN (BAPPA) | J295: Indian National Congress | K295: 59197 | L295: Lost | M295: RINKI GHOSH | N295: Bharatiya Janata Party | O295: 58664 | P295: Lost

Sheet Summary Dashboard
A1: West Bengal Election 2026 - Party Summary
A3: Party | B3: Leading | C3: Won | D3: Total Seats
A4: Bharatiya Janata Party | B4: =COUNTIFS('Election Results'!E:E, "Bharatiya Janata Party", 'Election Results'!G:G, "Leading") -> 0 | C4: =COUNTIFS('Election Results'!E:E, "Bharatiya Janata Party", 'Election Results'!G:G, "Won") -> 0 | D4: =B4+C4 -> 0
A5: All India Trinamool Congress | B5: =COUNTIFS('Election Results'!E:E, "All India Trinamool Congress", 'Election Results'!G:G, "Leading") -> 0 | C5: =COUNTIFS('Election Results'!E:E, "All India Trinamool Congress", 'Election Results'!G:G, "Won") -> 0 | D5: =B5+C5 -> 0
A6: Indian National Congress | B6: =COUNTIFS('Election Results'!E:E, "Indian National Congress", 'Election Results'!G:G, "Leading") -> 0 | C6: =COUNTIFS('Election Results'!E:E, "Indian National Congress", 'Election Results'!G:G, "Won") -> 0 | D6: =B6+C6 -> 0
A7: Aam Janata Unnayan party | B7: =COUNTIFS('Election Results'!E:E, "Aam Janata Unnayan party", 'Election Results'!G:G, "Leading") -> 0 | C7: =COUNTIFS('Election Results'!E:E, "Aam Janata Unnayan party", 'Election Results'!G:G, "Won") -> 0 | D7: =B7+C7 -> 0
A8: Communist Party of India (Marxist) | B8: =COUNTIFS('Election Results'!E:E, "Communist Party of India (Marxist)", 'Election Results'!G:G, "Leading") -> 0 | C8: =COUNTIFS('Election Results'!E:E, "Communist Party of India (Marxist)", 'Election Results'!G:G, "Won") -> 0 | D8: =B8+C8 -> 0
A9: All India Secular Front | B9: =COUNTIFS('Election Results'!E:E, "All India Secular Front", 'Election Results'!G:G, "Leading") -> 0 | C9: =COUNTIFS('Election Results'!E:E, "All India Secular Front", 'Election Results'!G:G, "Won") -> 0 | D9: =B9+C9 -> 0
